mode	run	num_processed	mapping_rate	decoy_fraction	unspliced_target_fraction	transcript_fraction	retained_intron_share	usa_unspliced_fraction	usa_ambiguous_fraction
gentrome	SRR5693352	13657343	0.6412236260010458	0.3050927255762706	0.009582380482060091	0.6316412401738757	0.046962359967063834		
gentrome	SRR5693353	15958033	0.6561630120704726	0.28803813101526987	0.009671516658726047	0.6464914949104316	0.04611741468794354		
gentrome	SRR5693399	10298793	0.6961073011177135	0.23888284772788423	0.009908308866874011	0.6861990049707767	0.04245935188082643		
gentrome	SRR5693400	10266590	0.6692947707077033	0.26347102591999877	0.009542247718083608	0.6597525141259172	0.04548382060362009		
intron	SRR5693352	13657343	0.9125900989672735	0.015931869031919312	0.30665084152898553	0.6059392347398759	0.032384251515441276	0.3010184281197496	0.16604747698477318
intron	SRR5693353	15958033	0.9119070627313529	0.015183638234110683	0.2900743589764478	0.6218326800677753	0.03210739322332559	0.2839345297193978	0.1674457316934738
intron	SRR5693399	10298793	0.9160640475053726	0.01448975622677337	0.2520656106011646	0.6639984235045796	0.03048137854362105	0.24322760020929166	0.15841562179920035
intron	SRR5693400	10266590	0.9126017499481327	0.015580538426098637	0.27692131642541484	0.635680423392772	0.031926729529175045	0.2700174247392384	0.16381791556208805
premrna	SRR5693352	13657343	0.9139141486012323	0.014749867525476953	0.31627586368739513	0.5976382833762028	0.03335717743186978	0.3016765410314999	0.32232340657677416
premrna	SRR5693353	15958033	0.9132455735616037	0.013981923712026414	0.2993692455078894	0.6138763187167241	0.033007474362136455	0.28463218817834274	0.3249416329928935
premrna	SRR5693399	10298793	0.9176388922468875	0.013086387890309088	0.26036067207098934	0.65727820988343	0.031106669610225002	0.24417016875597264	0.30983971117658476
premrna	SRR5693400	10266590	0.9141003000996436	0.014258677905711633	0.2855818770399909	0.6285184161440166	0.032871858137091176	0.27084676096421484	0.31981139657779534
