step	wall_s	max_rss_bytes
index_gentrome	422	26560905216
index_intron	638	38175211520
index_premrna	550	41204924416
quant_gentrome_SRR5693352	203	14200864768
quant_intron_SRR5693352	299	20152074240
quant_premrna_SRR5693352	346	20364640256
quant_gentrome_SRR5693353	382	14398455808
quant_intron_SRR5693353	350	20284260352
quant_premrna_SRR5693353	440	20277837824
quant_gentrome_SRR5693399	226	14131249152
quant_intron_SRR5693399	467	20103036928
quant_premrna_SRR5693399	341	20218314752
quant_gentrome_SRR5693400	172	14131118080
quant_intron_SRR5693400	183	20140163072
quant_premrna_SRR5693400	389	20155564032
